ID,FIPS ,Lat,Long,coordinate
0,48201100000,29.75220548,-95.3576434,"29.7522054849183, -95.357643395883"
1,48201210100,29.76780459,-95.35319847,"29.7678045923206, -95.3531984663627"
2,48201210400,29.786235,-95.360054,"29.786235, -95.360054"
3,48201210500,29.79584,-95.359072,"29.79584, -95.359072"
4,48201210600,29.806643,-95.364764,"29.806643, -95.364764"
5,48201210700,29.806789,-95.354432,"29.806789, -95.354432"
6,48201210800,29.789021,-95.344961,"29.789021, -95.344961"
7,48201210900,29.803528,-95.330865,"29.803528, -95.330865"
8,48201211000,29.796838,-95.331464,"29.796838, -95.331464"
9,48201211100,29.78519175,-95.32812327,"29.7851917529894, -95.3281232715173"
10,48201211200,29.797048,-95.32077,"29.797048, -95.32077"
11,48201211300,29.78499149,-95.32808034,"29.7849914898849, -95.3280803448662"
12,48201211400,29.768281,-95.327281,"29.768281, -95.327281"
13,48201211500,29.76501166,-95.3035528,"29.7650116587188, -95.3035527958838"
14,48201211600,29.781215,-95.311052,"29.781215, -95.311052"
15,48201211700,29.798717,-95.310958,"29.798717, -95.310958"
16,48201211900,29.783685,-95.300008,"29.783685, -95.300008"
17,48201212300,29.777568,-95.356505,"29.777568, -95.356505"
18,48201212400,29.78057,-95.296751,"29.78057, -95.296751"
19,48201212500,29.760984,-95.273443,"29.760984, -95.273443"
20,48201220100,29.816488,-95.344053,"29.816488, -95.344053"
21,48201220200,29.816872,-95.364453,"29.816872, -95.364453"
22,48201220300,29.824667,-95.366326,"29.824667, -95.366326"
23,48201220400,29.83326,-95.366743,"29.83326, -95.366743"
24,48201220500,29.837928,-95.381013,"29.837928, -95.381013"
25,48201220600,29.841376,-95.367188,"29.841376, -95.367188"
26,48201220700,29.83684685,-95.35040745,"29.8368468456275, -95.3504074526451"
27,48201220800,29.829982,-95.338853,"29.829982, -95.338853"
28,48201220900,29.846974,-95.338155,"29.846974, -95.338155"
29,48201221000,29.858789,-95.345296,"29.858789, -95.345296"
30,48201221100,29.85844,-95.355517,"29.85844, -95.355517"
31,48201221200,29.864387,-95.37258,"29.864387, -95.37258"
32,48201221300,29.84616663,-95.37948124,"29.8461666273547, -95.3794812368208"
33,48201221400,29.853705,-95.392387,"29.853705, -95.392387"
34,48201221500,29.86221726,-95.3983317,"29.8622172595555, -95.3983316958703"
35,48201221600,29.88707251,-95.39362895,"29.8870725068313, -95.393628953866"
36,48201221700,29.87960403,-95.38214528,"29.8796040271437, -95.3821452823564"
37,48201221800,29.883374,-95.359571,"29.883374, -95.359571"
38,48201221900,29.880064,-95.348905,"29.880064, -95.348905"
39,48201222000,29.869237,-95.337473,"29.869237, -95.337473"
40,48201222100,29.87998,-95.336109,"29.87998, -95.336109"
41,48201222200,29.892307,-95.323093,"29.892307, -95.323093"
42,48201222300,29.896595,-95.345427,"29.896595, -95.345427"
43,48201222401,29.900708,-95.397341,"29.900708, -95.397341"
44,48201222402,29.909247,-95.389538,"29.909247, -95.389538"
45,48201222501,29.927727,-95.404974,"29.927727, -95.404974"
46,48201222502,29.923439,-95.391097,"29.923439, -95.391097"
47,48201222503,29.92292603,-95.40615265,"29.9229260275241, -95.4061526503048"
48,48201222600,29.93268,-95.39739291,"29.9326800044814, -95.3973929104284"
49,48201222700,29.93644651,-95.34188143,"29.9364465123691, -95.3418814251705"
50,48201222800,29.912114,-95.364146,"29.912114, -95.364146"
51,48201222900,29.911614,-95.342445,"29.911614, -95.342445"
52,48201223001,29.90601,-95.318294,"29.90601, -95.318294"
53,48201223002,29.905732,-95.328515,"29.905732, -95.328515"
54,48201223100,29.924519,-95.310517,"29.924519, -95.310517"
55,48201230100,29.816266,-95.32996,"29.816266, -95.32996"
56,48201230200,29.821969,-95.307683,"29.821969, -95.307683"
57,48201230300,29.835108,-95.312153,"29.835108, -95.312153"
58,48201230400,29.830049,-95.326236,"29.830049, -95.326236"
59,48201230500,29.849071,-95.32832,"29.849071, -95.32832"
60,48201230600,29.844758,-95.310127,"29.844758, -95.310127"
61,48201230700,29.852538,-95.309111,"29.852538, -95.309111"
62,48201230800,29.838723,-95.293968,"29.838723, -95.293968"
63,48201230900,29.820475,-95.281129,"29.820475, -95.281129"
64,48201231000,29.840372,-95.277896,"29.840372, -95.277896"
65,48201231100,29.839216,-95.256954,"29.839216, -95.256954"
66,48201231200,29.852872,-95.247335,"29.852872, -95.247335"
67,48201231300,29.853984,-95.274598,"29.853984, -95.274598"
68,48201231400,29.86337,-95.28926,"29.86337, -95.28926"
69,48201231500,29.859638,-95.296795,"29.859638, -95.296795"
70,48201231600,29.862771,-95.30663,"29.862771, -95.30663"
71,48201231700,29.878338,-95.318328,"29.878338, -95.318328"
72,48201231800,29.877436,-95.306541,"29.877436, -95.306541"
73,48201231900,29.882025,-95.286105,"29.882025, -95.286105"
74,48201232000,29.899193,-95.284761,"29.899193, -95.284761"
75,48201232100,29.904405,-95.305841,"29.904405, -95.305841"
76,48201232200,29.92847221,-95.27622272,"29.9284722109772, -95.2762227233134"
77,48201232301,29.89217821,-95.22986677,"29.8921782079759, -95.2298667735245"
78,48201232302,29.86780465,-95.19051275,"29.8678046472092, -95.1905127513786"
79,48201232401,29.80843571,-95.16715997,"29.8084357083807, -95.167159968455"
80,48201232402,29.811658,-95.188594,"29.811658, -95.188594"
81,48201232403,29.81193,-95.200121,"29.81193, -95.200121"
82,48201232500,29.803776,-95.241281,"29.803776, -95.241281"
83,48201232600,29.778624,-95.242596,"29.778624, -95.242596"
84,48201232701,29.781603,-95.223725,"29.781603, -95.223725"
85,48201232702,29.79412344,-95.21361797,"29.7941234418249, -95.2136179661515"
86,48201232800,29.78197182,-95.20685301,"29.7819718247019, -95.2068530114673"
87,48201232900,29.80171192,-95.20059118,"29.8017119229186, -95.2005911794396"
88,48201233001,29.796775,-95.183261,"29.796775, -95.183261"
89,48201233002,29.800339,-95.170478,"29.800339, -95.170478"
90,48201233003,29.793875,-95.171556,"29.793875, -95.171556"
91,48201233101,29.786373,-95.177598,"29.786373, -95.177598"
92,48201233102,29.78235844,-95.16536737,"29.782358442388, -95.1653673672515"
93,48201233103,29.776963,-95.176192,"29.776963, -95.176192"
94,48201233200,29.780685,-95.191611,"29.780685, -95.191611"
95,48201233300,29.763945,-95.21078,"29.763945, -95.21078"
96,48201233400,29.77043,-95.242614,"29.77043, -95.242614"
97,48201233500,29.76101588,-95.23602832,"29.7610158774357, -95.2360283231348"
98,48201233600,29.741677,-95.25777,"29.741677, -95.25777"
99,48201233701,29.738862,-95.245674,"29.738862, -95.245674"
100,48201233702,29.739177,-95.235905,"29.739177, -95.235905"
101,48201233703,29.746032,-95.22409,"29.746032, -95.22409"
102,48201240100,29.94770498,-95.40697518,"29.9477049844377, -95.4069751825518"
103,48201240400,29.983803,-95.376312,"29.983803, -95.376312"
104,48201240501,29.95623995,-95.39641695,"29.9562399478428, -95.396416950514"
105,48201240502,29.94859367,-95.39023224,"29.9485936743433, -95.3902322376411"
106,48201240600,29.949261,-95.400311,"29.949261, -95.400311"
107,48201240701,29.99904375,-95.42136338,"29.999043752268, -95.4213633796219"
108,48201240702,29.9801606,-95.4087565,"29.9801605983806, -95.4087564975281"
109,48201240801,30.02778797,-95.42155821,"30.0277879740191, -95.4215582083076"
110,48201240802,30.029293,-95.38158,"30.029293, -95.38158"
111,48201240901,30.01753073,-95.32959995,"30.0175307290778, -95.3295999511426"
112,48201240902,30.02375263,-95.26600841,"30.0237526267508, -95.2660084091528"
113,48201241000,30.03362047,-95.32628204,"30.0336204716232, -95.32628203742"
114,48201241101,30.062914,-95.386715,"30.062914, -95.386715"
115,48201241102,30.04437284,-95.3583959,"30.0443728353281, -95.3583958973169"
116,48201241103,30.047785,-95.380844,"30.047785, -95.380844"
117,48201241200,30.05039142,-95.39331812,"30.0503914183761, -95.3933181215945"
118,48201241300,30.04833834,-95.42669401,"30.0483383369506, -95.4266940085179"
119,48201241400,30.081601,-95.402483,"30.081601, -95.402483"
120,48201241500,29.97107593,-95.32640617,"29.9710759252565, -95.3264061688323"
121,48201250100,29.96527484,-95.26916405,"29.965274836367, -95.2691640509359"
122,48201250200,29.95018598,-95.25079741,"29.9501859795012, -95.2507974114466"
123,48201250301,29.95995745,-95.22829562,"29.9599574528777, -95.22829562225"
124,48201250302,29.97378763,-95.21376895,"29.9737876293445, -95.2137689513608"
125,48201250401,29.99238545,-95.16948582,"29.9923854519308, -95.1694858213885"
126,48201250402,29.95509786,-95.18712365,"29.9550978647508, -95.1871236534467"
127,48201250500,29.993072,-95.19212,"29.993072, -95.19212"
128,48201250600,29.98361885,-95.24554047,"29.9836188476112, -95.2455404702004"
129,48201250701,30.009333,-95.200856,"30.009333, -95.200856"
130,48201250702,30.003944,-95.180642,"30.003944, -95.180642"
131,48201250800,30.013544,-95.15657077,"30.0135439982722, -95.1565707702378"
132,48201250900,30.04878922,-95.15013984,"30.0487892157447, -95.1501398409366"
133,48201251000,30.038488,-95.194023,"30.038488, -95.194023"
134,48201251100,30.039955,-95.232451,"30.039955, -95.232451"
135,48201251200,30.058219,-95.221269,"30.058219, -95.221269"
136,48201251300,30.05862,-95.200555,"30.05862, -95.200555"
137,48201251401,30.081121,-95.191382,"30.081121, -95.191382"
138,48201251402,30.073252,-95.200803,"30.073252, -95.200803"
139,48201251501,30.080016,-95.171783,"30.080016, -95.171783"
140,48201251502,30.05803886,-95.1701855,"30.0580388601856, -95.1701854967085"
141,48201251503,30.073505,-95.185089,"30.073505, -95.185089"
142,48201251600,30.09767,-95.116909,"30.09767, -95.116909"
143,48201251700,30.02497845,-95.08752713,"30.0249784466303, -95.0875271251581"
144,48201251800,29.966175,-95.0262,"29.966175, -95.0262"
145,48201251901,29.97680872,-95.11420391,"29.976808718368, -95.1142039112374"
146,48201251902,29.915471,-95.084058,"29.915471, -95.084058"
147,48201252000,29.88602522,-95.17083773,"29.8860252163529, -95.1708377266382"
148,48201252100,29.878426,-95.139778,"29.878426, -95.139778"
149,48201252200,29.83856725,-95.15546835,"29.8385672478842, -95.1554683524392"
150,48201252301,29.79488898,-95.14638214,"29.7948889759463, -95.1463821385017"
151,48201252302,29.81063551,-95.12571486,"29.8106355097926, -95.1257148636095"
152,48201252400,29.784434,-95.142534,"29.784434, -95.142534"
153,48201252500,29.774315,-95.120677,"29.774315, -95.120677"
154,48201252600,29.82450728,-95.10626884,"29.8245072838641, -95.1062688368236"
155,48201252700,29.91015,-95.041694,"29.91015, -95.041694"
156,48201252800,29.867783,-95.045932,"29.867783, -95.045932"
157,48201252900,29.80864996,-95.05626808,"29.808649959317, -95.0562680804932"
158,48201253000,29.813965,-95.021125,"29.813965, -95.021125"
159,48201253100,29.82135153,-94.96736994,"29.8213515342567, -94.9673699381359"
160,48201253200,29.79645966,-94.98286418,"29.7964596621784, -94.9828641809161"
161,48201253300,29.774641,-95.040675,"29.774641, -95.040675"
162,48201253400,29.7615153,-95.01056067,"29.761515297483, -95.0105606658361"
163,48201253500,29.77775598,-95.01518333,"29.7777559799844, -95.0151833349228"
164,48201253600,29.76021196,-94.99548355,"29.7602119647458, -94.9954835499066"
165,48201253700,29.760785,-94.970835,"29.760785, -94.970835"
166,48201253800,29.764054,-94.947703,"29.764054, -94.947703"
167,48201253900,29.746797,-94.939779,"29.746797, -94.939779"
168,48201254000,29.734273,-94.943775,"29.734273, -94.943775"
169,48201254100,29.74427,-94.957321,"29.74427, -94.957321"
170,48201254200,29.729196,-94.964242,"29.729196, -94.964242"
171,48201254300,29.742425,-94.971696,"29.742425, -94.971696"
172,48201254400,29.725222,-94.976195,"29.725222, -94.976195"
173,48201254500,29.73212408,-95.01363062,"29.7321240755726, -95.0136306241674"
174,48201254600,29.722284,-94.9967,"29.722284, -94.9967"
175,48201254700,29.717408,-94.95086,"29.717408, -94.95086"
176,48201310100,29.75452081,-95.34097424,"29.7545208098306, -95.3409742399657"
177,48201310200,29.743259,-95.351062,"29.743259, -95.351062"
178,48201310300,29.73805,-95.335737,"29.73805, -95.335737"
179,48201310400,29.749275,-95.330576,"29.749275, -95.330576"
180,48201310500,29.744267,-95.320143,"29.744267, -95.320143"
181,48201310600,29.731618,-95.32601,"29.731618, -95.32601"
182,48201310700,29.720521,-95.314696,"29.720521, -95.314696"
183,48201310800,29.729714,-95.313586,"29.729714, -95.313586"
184,48201310900,29.735941,-95.300993,"29.735941, -95.300993"
185,48201311000,29.74322335,-95.30206335,"29.7432233499631, -95.302063353068"
186,48201311100,29.731183,-95.286178,"29.731183, -95.286178"
187,48201311200,29.719606,-95.296491,"29.719606, -95.296491"
188,48201311300,29.709472,-95.295025,"29.709472, -95.295025"
189,48201311400,29.717464,-95.276875,"29.717464, -95.276875"
190,48201311500,29.70782453,-95.27895274,"29.7078245314716, -95.2789527374721"
191,48201311600,29.702328,-95.287105,"29.702328, -95.287105"
192,48201311700,29.70400526,-95.30590855,"29.7040052588838, -95.3059085505516"
193,48201311800,29.706047,-95.317363,"29.706047, -95.317363"
194,48201311900,29.715215,-95.322794,"29.715215, -95.322794"
195,48201312000,29.715438,-95.34862,"29.715438, -95.34862"
196,48201312100,29.71873836,-95.34012367,"29.7187383594826, -95.3401236657468"
197,48201312200,29.731344,-95.350363,"29.731344, -95.350363"
198,48201312300,29.737909,-95.36002,"29.737909, -95.36002"
199,48201312400,29.729683,-95.361089,"29.729683, -95.361089"
200,48201312500,29.74074326,-95.36816922,"29.7407432555514, -95.3681692241672"
201,48201312600,29.72189936,-95.38208042,"29.7218993644656, -95.382080424583"
202,48201312700,29.72692,-95.368023,"29.72692, -95.368023"
203,48201312800,29.721322,-95.357239,"29.721322, -95.357239"
204,48201312900,29.71523068,-95.3633079,"29.7152306785332, -95.363307895684"
205,48201313000,29.719505,-95.372423,"29.719505, -95.372423"
206,48201313100,29.71167461,-95.394218,"29.7116746057012, -95.3942179977674"
207,48201313200,29.70448116,-95.3582529,"29.7044811550651, -95.3582528963717"
208,48201313300,29.701703,-95.334579,"29.701703, -95.334579"
209,48201313400,29.694762,-95.339107,"29.694762, -95.339107"
210,48201313500,29.690029,-95.346914,"29.690029, -95.346914"
211,48201313600,29.690461,-95.358658,"29.690461, -95.358658"
212,48201313700,29.696633,-95.365716,"29.696633, -95.365716"
213,48201313800,29.68324815,-95.37524542,"29.6832481457465, -95.3752454222877"
214,48201313900,29.69713869,-95.38593708,"29.6971386940241, -95.3859370781921"
215,48201314001,29.695639,-95.390845,"29.695639, -95.390845"
216,48201314002,29.68876854,-95.39780871,"29.6887685370112, -95.397808707943"
217,48201314300,29.68633868,-95.41468141,"29.6863386811298, -95.41468140857"
218,48201314400,29.68821974,-95.40616577,"29.6882197414878, -95.4061657703989"
219,48201320100,29.695582,-95.281127,"29.695582, -95.281127"
220,48201320200,29.69430586,-95.26543484,"29.6943058615802, -95.2654348351509"
221,48201320500,29.694654,-95.246126,"29.694654, -95.246126"
222,48201320601,29.682356,-95.262902,"29.682356, -95.262902"
223,48201320602,29.676659,-95.25972,"29.676659, -95.25972"
224,48201320700,29.675331,-95.249174,"29.675331, -95.249174"
225,48201320800,29.660361,-95.240662,"29.660361, -95.240662"
226,48201320900,29.64635178,-95.23169208,"29.646351775925, -95.231692080515"
227,48201321000,29.63895937,-95.22139828,"29.6389593668688, -95.2213982821876"
228,48201321100,29.61811287,-95.20061417,"29.618112869159, -95.200614168446"
229,48201321200,29.641057,-95.202316,"29.641057, -95.202316"
230,48201321300,29.64863707,-95.21782273,"29.6486370704078, -95.2178227264743"
231,48201321401,29.665269,-95.225433,"29.665269, -95.225433"
232,48201321402,29.65673,-95.219127,"29.65673, -95.219127"
233,48201321500,29.664778,-95.211939,"29.664778, -95.211939"
234,48201321600,29.67667,-95.217855,"29.67667, -95.217855"
235,48201321700,29.67971,-95.23622,"29.67971, -95.23622"
236,48201321800,29.688234,-95.237936,"29.688234, -95.237936"
237,48201321900,29.694441,-95.225408,"29.694441, -95.225408"
238,48201322000,29.702652,-95.218069,"29.702652, -95.218069"
239,48201322100,29.690358,-95.209966,"29.690358, -95.209966"
240,48201322200,29.70239,-95.212651,"29.70239, -95.212651"
241,48201322600,29.697283,-95.157603,"29.697283, -95.157603"
242,48201322700,29.70010744,-95.17091202,"29.7001074432581, -95.1709120197299"
243,48201322800,29.705253,-95.179559,"29.705253, -95.179559"
244,48201322900,29.702841,-95.192075,"29.702841, -95.192075"
245,48201323000,29.695769,-95.187929,"29.695769, -95.187929"
246,48201323100,29.691413,-95.173372,"29.691413, -95.173372"
247,48201323200,29.686745,-95.182565,"29.686745, -95.182565"
248,48201323300,29.686083,-95.200182,"29.686083, -95.200182"
249,48201323400,29.677442,-95.200057,"29.677442, -95.200057"
250,48201323500,29.663874,-95.202221,"29.663874, -95.202221"
251,48201323600,29.6441558,-95.18759548,"29.6441558021005, -95.1875954771327"
252,48201323701,29.657016,-95.179003,"29.657016, -95.179003"
253,48201323702,29.64539,-95.176885,"29.64539, -95.176885"
254,48201323801,29.675038,-95.188904,"29.675038, -95.188904"
255,48201323802,29.674116,-95.178279,"29.674116, -95.178279"
256,48201323900,29.675247,-95.164898,"29.675247, -95.164898"
257,48201324000,29.648287,-95.168974,"29.648287, -95.168974"
258,48201324100,29.7194151,-95.18273338,"29.7194150982869, -95.1827333809227"
259,48201324200,29.718236,-95.260942,"29.718236, -95.260942"
260,48201330100,29.63798919,-95.42551496,"29.6379891922953, -95.4255149640668"
261,48201330200,29.636688,-95.457153,"29.636688, -95.457153"
262,48201330301,29.634965,-95.472496,"29.634965, -95.472496"
263,48201330302,29.615399,-95.474508,"29.615399, -95.474508"
264,48201330303,29.626377,-95.496659,"29.626377, -95.496659"
265,48201330400,29.617345,-95.454691,"29.617345, -95.454691"
266,48201330500,29.62408,-95.430236,"29.62408, -95.430236"
267,48201330600,29.61366,-95.434231,"29.61366, -95.434231"
268,48201330700,29.600383,-95.44726,"29.600383, -95.44726"
269,48201330800,29.59933407,-95.35874138,"29.5993340685656, -95.3587413827998"
270,48201330900,29.61348801,-95.40470907,"29.6134880116495, -95.4047090651375"
271,48201331100,29.673566,-95.368933,"29.673566, -95.368933"
272,48201331200,29.663193,-95.368456,"29.663193, -95.368456"
273,48201331300,29.648513,-95.376185,"29.648513, -95.376185"
274,48201331400,29.653052,-95.364306,"29.653052, -95.364306"
275,48201331500,29.62831608,-95.36422568,"29.6283160765382, -95.3642256775747"
276,48201331601,29.62251774,-95.34881498,"29.6225177407555, -95.3488149756135"
277,48201331602,29.631915,-95.328807,"29.631915, -95.328807"
278,48201331700,29.641355,-95.340186,"29.641355, -95.340186"
279,48201331800,29.652908,-95.345445,"29.652908, -95.345445"
280,48201331900,29.662611,-95.345375,"29.662611, -95.345375"
281,48201332000,29.672634,-95.347028,"29.672634, -95.347028"
282,48201332100,29.680147,-95.343758,"29.680147, -95.343758"
283,48201332200,29.681175,-95.332088,"29.681175, -95.332088"
284,48201332300,29.66645,-95.323782,"29.66645, -95.323782"
285,48201332400,29.662004,-95.332945,"29.662004, -95.332945"
286,48201332500,29.663523,-95.310114,"29.663523, -95.310114"
287,48201332600,29.674933,-95.304075,"29.674933, -95.304075"
288,48201332700,29.6854,-95.311162,"29.6854, -95.311162"
289,48201332800,29.692349,-95.306884,"29.692349, -95.306884"
290,48201332900,29.690227,-95.291436,"29.690227, -95.291436"
291,48201333000,29.681686,-95.286992,"29.681686, -95.286992"
292,48201333100,29.675407,-95.280298,"29.675407, -95.280298"
293,48201333201,29.66954,-95.270939,"29.66954, -95.270939"
294,48201333202,29.6595827,-95.27051658,"29.65958269779, -95.2705165823851"
295,48201333300,29.64057609,-95.25161395,"29.6405760891254, -95.2516139545868"
296,48201333500,29.66534345,-95.28731633,"29.6653434543666, -95.2873163262745"
297,48201333600,29.657789,-95.300135,"29.657789, -95.300135"
298,48201333700,29.632514,-95.281921,"29.632514, -95.281921"
299,48201333800,29.60795306,-95.28121901,"29.6079530627139, -95.2812190085838"
300,48201333901,29.61796499,-95.25529307,"29.6179649940131, -95.2552930659709"
301,48201333902,29.62321346,-95.24226134,"29.6232134553514, -95.2422613395839"
302,48201334001,29.616422,-95.226469,"29.616422, -95.226469"
303,48201334002,29.607959,-95.214879,"29.607959, -95.214879"
304,48201334003,29.606793,-95.228336,"29.606793, -95.228336"
305,48201334100,29.65551728,-95.4165062,"29.6555172823598, -95.4165061958955"
306,48201340100,29.59162872,-95.17999718,"29.5916287179212, -95.1799971782104"
307,48201340201,29.611176,-95.161302,"29.611176, -95.161302"
308,48201340202,29.605946,-95.134384,"29.605946, -95.134384"
309,48201340203,29.600773,-95.100127,"29.600773, -95.100127"
310,48201340301,29.590336,-95.126018,"29.590336, -95.126018"
311,48201340302,29.596231,-95.112987,"29.596231, -95.112987"
312,48201340400,29.579878,-95.11535,"29.579878, -95.11535"
313,48201340500,29.55936424,-95.11757054,"29.5593642388376, -95.1175705387887"
314,48201340600,29.576274,-95.130947,"29.576274, -95.130947"
315,48201340700,29.56408843,-95.13892782,"29.5640884276767, -95.1389278214578"
316,48201340800,29.582469,-95.141814,"29.582469, -95.141814"
317,48201340900,29.565373,-95.150271,"29.565373, -95.150271"
318,48201341000,29.5501485,-95.1337894,"29.5501485014927, -95.1337894015088"
319,48201341100,29.54156755,-95.12772377,"29.5415675530028, -95.1277237655707"
320,48201341201,29.5314,-95.108468,"29.5314, -95.108468"
321,48201341202,29.54800317,-95.09324776,"29.548003169914, -95.0932477647388"
322,48201341301,29.55315062,-95.09338552,"29.5531506231378, -95.0933855239914"
323,48201341302,29.55072,-95.104873,"29.55072, -95.104873"
324,48201341400,29.577537,-95.058962,"29.577537, -95.058962"
325,48201341501,29.576227,-95.039792,"29.576227, -95.039792"
326,48201341502,29.565122,-95.037756,"29.565122, -95.037756"
327,48201341600,29.579671,-95.013653,"29.579671, -95.013653"
328,48201341700,29.623628,-95.012088,"29.623628, -95.012088"
329,48201341800,29.629864,-95.025368,"29.629864, -95.025368"
330,48201342001,29.642148,-95.133353,"29.642148, -95.133353"
331,48201342002,29.640051,-95.149969,"29.640051, -95.149969"
332,48201342100,29.657896,-95.144329,"29.657896, -95.144329"
333,48201342200,29.671676,-95.144197,"29.671676, -95.144197"
334,48201342300,29.672718,-95.130336,"29.672718, -95.130336"
335,48201342400,29.688529,-95.148435,"29.688529, -95.148435"
336,48201342500,29.691946,-95.132018,"29.691946, -95.132018"
337,48201342700,29.694087,-95.118747,"29.694087, -95.118747"
338,48201342800,29.69367225,-95.09955188,"29.6936722451111, -95.099551882177"
339,48201342900,29.672851,-95.110824,"29.672851, -95.110824"
340,48201343000,29.658452,-95.104363,"29.658452, -95.104363"
341,48201343100,29.657956,-95.079841,"29.657956, -95.079841"
342,48201343200,29.658525,-95.06299,"29.658525, -95.06299"
343,48201343301,29.68274,-95.069479,"29.68274, -95.069479"
344,48201343302,29.669127,-95.073024,"29.669127, -95.073024"
345,48201343600,29.75151179,-95.08927319,"29.7515117878413, -95.0892731920947"
346,48201343700,29.656737,-95.03643,"29.656737, -95.03643"
347,48201350100,29.56755163,-95.24066928,"29.5675516254433, -95.2406692821947"
348,48201350200,29.59263638,-95.23348051,"29.5926363817498, -95.2334805116945"
349,48201350300,29.582822,-95.225175,"29.582822, -95.225175"
350,48201350400,29.593001,-95.212589,"29.593001, -95.212589"
351,48201350500,29.587081,-95.197877,"29.587081, -95.197877"
352,48201350601,29.543691,-95.167555,"29.543691, -95.167555"
353,48201350602,29.53562839,-95.17735899,"29.5356283904734, -95.1773589938336"
354,48201350700,29.533723,-95.18588,"29.533723, -95.18588"
355,48201350801,29.52535,-95.172291,"29.52535, -95.172291"
356,48201350802,29.52216494,-95.14249314,"29.5221649406869, -95.1424931364595"
357,48201410100,29.75376174,-95.38106197,"29.7537617394298, -95.3810619661573"
358,48201410200,29.75704656,-95.39191727,"29.757046560677, -95.3919172671913"
359,48201410300,29.756815,-95.40257,"29.756815, -95.40257"
360,48201410401,29.747853,-95.406267,"29.747853, -95.406267"
361,48201410402,29.747291,-95.398534,"29.747291, -95.398534"
362,48201410500,29.74860223,-95.38548027,"29.7486022323576, -95.3854802678153"
363,48201410600,29.74601848,-95.37539008,"29.7460184829101, -95.3753900827814"
364,48201410701,29.74290342,-95.39038405,"29.7429034175147, -95.3903840539162"
365,48201410702,29.73529842,-95.38634799,"29.7352984165803, -95.3863479946481"
366,48201410800,29.73758937,-95.39889165,"29.7375893660371, -95.3988916520282"
367,48201410900,29.733045,-95.400153,"29.733045, -95.400153"
368,48201411000,29.73587607,-95.42430968,"29.7358760692416, -95.4243096809247"
369,48201411100,29.748607,-95.414256,"29.748607, -95.414256"
370,48201411200,29.750904,-95.43441,"29.750904, -95.43441"
371,48201411300,29.74898011,-95.45046709,"29.7489801108231, -95.4504670942291"
372,48201411400,29.744632,-95.434001,"29.744632, -95.434001"
373,48201411501,29.73535859,-95.44045492,"29.7353585859677, -95.4404549229194"
374,48201411502,29.73544775,-95.42932394,"29.7354477511602, -95.4293239376737"
375,48201411600,29.73561,-95.454089,"29.73561, -95.454089"
376,48201411700,29.723768,-95.454684,"29.723768, -95.454684"
377,48201411800,29.72717393,-95.42708344,"29.7271739344882, -95.4270834357939"
378,48201411900,29.72747589,-95.39062477,"29.7274758872293, -95.3906247686681"
379,48201412000,29.721629,-95.410812,"29.721629, -95.410812"
380,48201412100,29.71633278,-95.40291885,"29.7163327833278, -95.402918854768"
381,48201412200,29.70605687,-95.41126857,"29.7060568735461, -95.411268565958"
382,48201412300,29.716111,-95.423959,"29.716111, -95.423959"
383,48201412400,29.715928,-95.435657,"29.715928, -95.435657"
384,48201412500,29.708857,-95.437592,"29.708857, -95.437592"
385,48201412600,29.71549,-95.444446,"29.71549, -95.444446"
386,48201412700,29.713342,-95.453487,"29.713342, -95.453487"
387,48201412800,29.697539,-95.452411,"29.697539, -95.452411"
388,48201412900,29.68470926,-95.44892395,"29.6847092649, -95.4489239532798"
389,48201413000,29.697089,-95.441435,"29.697089, -95.441435"
390,48201413100,29.699423,-95.432474,"29.699423, -95.432474"
391,48201413201,29.70192975,-95.42233179,"29.7019297478726, -95.4223317940244"
392,48201413202,29.70439026,-95.41922475,"29.7043902579523, -95.4192247505521"
393,48201413300,29.68767416,-95.42161281,"29.6876741586459, -95.4216128110754"
394,48201420100,29.674156,-95.436381,"29.674156, -95.436381"
395,48201420200,29.671695,-95.443275,"29.671695, -95.443275"
396,48201420300,29.67195,-95.454516,"29.67195, -95.454516"
397,48201420400,29.658772,-95.455938,"29.658772, -95.455938"
398,48201420500,29.650501,-95.472791,"29.650501, -95.472791"
399,48201420600,29.660775,-95.470654,"29.660775, -95.470654"
400,48201420700,29.671361,-95.469625,"29.671361, -95.469625"
401,48201420800,29.684425,-95.470366,"29.684425, -95.470366"
402,48201420900,29.697379,-95.469012,"29.697379, -95.469012"
403,48201421000,29.712854,-95.466079,"29.712854, -95.466079"
404,48201421101,29.722739,-95.473457,"29.722739, -95.473457"
405,48201421102,29.72120895,-95.48042106,"29.7212089472438, -95.4804210601349"
406,48201421201,29.72236356,-95.49173402,"29.722363563475, -95.4917340245825"
407,48201421202,29.71922284,-95.49160679,"29.7192228407119, -95.4916067948601"
408,48201421300,29.7079119,-95.50220041,"29.7079119009006, -95.5022004090454"
409,48201421401,29.71481,-95.491452,"29.71481, -95.491452"
410,48201421402,29.714689,-95.486857,"29.714689, -95.486857"
411,48201421403,29.709382,-95.489656,"29.709382, -95.489656"
412,48201421500,29.71258239,-95.47537522,"29.7125823941282, -95.4753752233505"
413,48201421600,29.70105369,-95.4850418,"29.7010536894403, -95.4850417958927"
414,48201421700,29.688815,-95.487763,"29.688815, -95.487763"
415,48201421800,29.68184646,-95.47762802,"29.6818464556932, -95.4776280235629"
416,48201421900,29.671069,-95.48463,"29.671069, -95.48463"
417,48201422000,29.661939,-95.484719,"29.661939, -95.484719"
418,48201422100,29.647978,-95.486909,"29.647978, -95.486909"
419,48201422200,29.6404,-95.499797,"29.6404, -95.499797"
420,48201422301,29.64991127,-95.50348144,"29.6499112657392, -95.503481437478"
421,48201422302,29.649035,-95.497882,"29.649035, -95.497882"
422,48201422401,29.66097773,-95.50347952,"29.6609777329428, -95.5034795233586"
423,48201422402,29.65603539,-95.49948928,"29.6560353948415, -95.4994892830921"
424,48201422500,29.67132482,-95.50505033,"29.6713248178297, -95.5050503264688"
425,48201422600,29.68226943,-95.50440388,"29.6822694283105, -95.5044038825837"
426,48201422701,29.696599,-95.501202,"29.696599, -95.501202"
427,48201422702,29.698815,-95.509129,"29.698815, -95.509129"
428,48201422800,29.688334,-95.515048,"29.688334, -95.515048"
429,48201422900,29.681673,-95.530021,"29.681673, -95.530021"
430,48201423000,29.67530376,-95.52656364,"29.6753037634029, -95.5265636378944"
431,48201423100,29.673139,-95.535717,"29.673139, -95.535717"
432,48201423201,29.662075,-95.541139,"29.662075, -95.541139"
433,48201423202,29.66425984,-95.53320131,"29.664259844971, -95.5332013051712"
434,48201423301,29.668282,-95.518729,"29.668282, -95.518729"
435,48201423302,29.66150126,-95.52614876,"29.6615012637956, -95.526148755174"
436,48201423401,29.649386,-95.515322,"29.649386, -95.515322"
437,48201423402,29.647155,-95.529902,"29.647155, -95.529902"
438,48201423500,29.652378,-95.541106,"29.652378, -95.541106"
439,48201423600,29.637975,-95.518768,"29.637975, -95.518768"
440,48201430100,29.76952055,-95.46087581,"29.769520553021, -95.4608758075101"
441,48201430200,29.778796,-95.48588,"29.778796, -95.48588"
442,48201430300,29.771714,-95.499407,"29.771714, -95.499407"
443,48201430400,29.760408,-95.515148,"29.760408, -95.515148"
444,48201430500,29.779019,-95.519473,"29.779019, -95.519473"
445,48201430600,29.764579,-95.532402,"29.764579, -95.532402"
446,48201430700,29.775987,-95.538178,"29.775987, -95.538178"
447,48201430800,29.775858,-95.553918,"29.775858, -95.553918"
448,48201430900,29.75914,-95.545404,"29.75914, -95.545404"
449,48201431000,29.74258423,-95.4852845,"29.7425842271127, -95.4852844969164"
450,48201431101,29.742642,-95.535295,"29.742642, -95.535295"
451,48201431102,29.742111,-95.529528,"29.742111, -95.529528"
452,48201431201,29.74195472,-95.51577716,"29.7419547229631, -95.5157771557516"
453,48201431202,29.74005512,-95.50224831,"29.7400551249736, -95.5022483089824"
454,48201431301,29.74517811,-95.49869797,"29.7451781071844, -95.4986979678615"
455,48201431302,29.743447,-95.489642,"29.743447, -95.489642"
456,48201431401,29.744537,-95.484012,"29.744537, -95.484012"
457,48201431402,29.74440786,-95.48119258,"29.7444078627215, -95.4811925817633"
458,48201431501,29.75868044,-95.48029924,"29.7586804413783, -95.4802992370445"
459,48201431502,29.74889577,-95.49656142,"29.7488957652314, -95.4965614214307"
460,48201431600,29.764196,-95.482956,"29.764196, -95.482956"
461,48201431700,29.76004478,-95.46277215,"29.7600447831115, -95.4627721534724"
462,48201431801,29.743658,-95.471954,"29.743658, -95.471954"
463,48201431802,29.75170313,-95.46380658,"29.751703127859, -95.4638065833849"
464,48201431900,29.73521137,-95.46289888,"29.7352113699301, -95.4628988842562"
465,48201432001,29.7352254,-95.47976376,"29.735225399172, -95.4797637636207"
466,48201432002,29.73665327,-95.49675263,"29.7366532662385, -95.496752626459"
467,48201432100,29.73411671,-95.51074481,"29.7341167063082, -95.5107448116775"
468,48201432200,29.733608,-95.52931,"29.733608, -95.52931"
469,48201432300,29.73154054,-95.54456485,"29.73154054325, -95.5445648522516"
470,48201432400,29.7234726,-95.54846998,"29.7234725971898, -95.5484699842572"
471,48201432500,29.72534821,-95.52134191,"29.7253482115647, -95.5213419103374"
472,48201432600,29.726717,-95.508428,"29.726717, -95.508428"
473,48201432701,29.72484526,-95.49493718,"29.7248452585191, -95.4949371823751"
474,48201432702,29.73000648,-95.47719313,"29.7300064816732, -95.4771931264589"
475,48201432801,29.72077812,-95.50288734,"29.7207781201348, -95.5028873395679"
476,48201432802,29.70671927,-95.51293166,"29.7067192706455, -95.5129316636276"
477,48201432901,29.715341,-95.528267,"29.715341, -95.528267"
478,48201432902,29.70631969,-95.5273569,"29.7063196865231, -95.527356904714"
479,48201433001,29.71348926,-95.55032578,"29.7134892553877, -95.5503257837974"
480,48201433002,29.70936321,-95.54187191,"29.7093632103452, -95.5418719110763"
481,48201433003,29.70895,-95.548929,"29.70895, -95.548929"
482,48201433100,29.696319,-95.553962,"29.696319, -95.553962"
483,48201433201,29.697517,-95.549501,"29.697517, -95.549501"
484,48201433202,29.696556,-95.5408,"29.696556, -95.5408"
485,48201433300,29.698902,-95.529432,"29.698902, -95.529432"
486,48201433400,29.68834,-95.544148,"29.68834, -95.544148"
487,48201433501,29.67770555,-95.54526219,"29.677705552415, -95.5452621938314"
488,48201433502,29.67800226,-95.55429039,"29.6780022567566, -95.5542903933863"
489,48201433600,29.67310417,-95.55761355,"29.6731041675567, -95.5576135511894"
490,48201440100,29.64238981,-95.53847278,"29.6423898076132, -95.5384727794653"
491,48201450100,29.777857,-95.566515,"29.777857, -95.566515"
492,48201450200,29.778819,-95.580262,"29.778819, -95.580262"
493,48201450300,29.78131866,-95.59943276,"29.7813186596454, -95.5994327640446"
494,48201450400,29.78018219,-95.61941127,"29.7801821887623, -95.6194112682576"
495,48201450500,29.775996,-95.634752,"29.775996, -95.634752"
496,48201450600,29.769806,-95.614714,"29.769806, -95.614714"
497,48201450700,29.767337,-95.585639,"29.767337, -95.585639"
498,48201450801,29.759699,-95.569936,"29.759699, -95.569936"
499,48201450802,29.75060981,-95.56066411,"29.7506098138936, -95.5606641102338"
500,48201450900,29.742544,-95.566299,"29.742544, -95.566299"
501,48201451001,29.74536587,-95.57973087,"29.7453658749691, -95.5797308659501"
502,48201451002,29.74508326,-95.58107533,"29.7450832634959, -95.581075328832"
503,48201451100,29.752451,-95.580295,"29.752451, -95.580295"
504,48201451200,29.755144,-95.595218,"29.755144, -95.595218"
505,48201451300,29.74423758,-95.59602545,"29.7442375783202, -95.596025452658"
506,48201451401,29.750145,-95.61339,"29.750145, -95.61339"
507,48201451402,29.73897703,-95.61575813,"29.7389770291667, -95.6157581268574"
508,48201451403,29.74776134,-95.6211876,"29.7477613402635, -95.6211875975583"
509,48201451500,29.76901937,-95.62592028,"29.7690193673061, -95.6259202783905"
510,48201451601,29.76185318,-95.63287845,"29.7618531792429, -95.6328784534766"
511,48201451602,29.74530647,-95.62540072,"29.7453064658038, -95.6254007201474"
512,48201451700,29.732882,-95.632906,"29.732882, -95.632906"
513,48201451800,29.722398,-95.625453,"29.722398, -95.625453"
514,48201451901,29.72067179,-95.61537516,"29.7206717859804, -95.6153751555591"
515,48201451902,29.722893,-95.599645,"29.722893, -95.599645"
516,48201452000,29.73300086,-95.60657889,"29.7330008553695, -95.6065788942319"
517,48201452100,29.72704305,-95.57952075,"29.7270430536585, -95.579520753481"
518,48201452201,29.73417972,-95.56603126,"29.7341797203543, -95.5660312646954"
519,48201452202,29.723966,-95.566465,"29.723966, -95.566465"
520,48201452300,29.711388,-95.568992,"29.711388, -95.568992"
521,48201452400,29.7099434,-95.57690785,"29.7099433975221, -95.5769078544999"
522,48201452500,29.70997565,-95.59770378,"29.7099756532173, -95.5977037827849"
523,48201452600,29.71096746,-95.63284808,"29.7109674591313, -95.6328480837969"
524,48201452700,29.69605056,-95.63231237,"29.696050559854, -95.6323123674069"
525,48201452801,29.696924,-95.609883,"29.696924, -95.609883"
526,48201452802,29.695532,-95.600101,"29.695532, -95.600101"
527,48201452900,29.695607,-95.592214,"29.695607, -95.592214"
528,48201453000,29.69470522,-95.578972,"29.6947052233052, -95.5789719969708"
529,48201453100,29.69385,-95.56725,"29.69385, -95.56725"
530,48201453200,29.68334021,-95.55962019,"29.6833402063013, -95.5596201850453"
531,48201453300,29.666732,-95.565434,"29.666732, -95.565434"
532,48201453401,29.655211,-95.577549,"29.655211, -95.577549"
533,48201453402,29.66646901,-95.57692558,"29.6664690141974, -95.5769255807201"
534,48201453403,29.6705,-95.584859,"29.6705, -95.584859"
535,48201453501,29.665524,-95.58996,"29.665524, -95.58996"
536,48201453502,29.670456,-95.597845,"29.670456, -95.597845"
537,48201453601,29.684855,-95.591732,"29.684855, -95.591732"
538,48201453602,29.6833553,-95.5811947,"29.6833553045781, -95.5811946961017"
539,48201453700,29.68610425,-95.60691359,"29.6861042482546, -95.6069135936232"
540,48201453800,29.669961,-95.606518,"29.669961, -95.606518"
541,48201453900,29.68480652,-95.62950679,"29.6848065213764, -95.6295067935998"
542,48201454000,29.696108,-95.651928,"29.696108, -95.651928"
543,48201454100,29.704083,-95.655832,"29.704083, -95.655832"
544,48201454200,29.704849,-95.668884,"29.704849, -95.668884"
545,48201454301,29.71864647,-95.65280905,"29.7186464703593, -95.6528090511869"
546,48201454302,29.715567,-95.667568,"29.715567, -95.667568"
547,48201454400,29.769718,-95.646242,"29.769718, -95.646242"
548,48201454501,29.73419687,-95.72266125,"29.7341968709344, -95.7226612530698"
549,48201454502,29.749308,-95.721342,"29.749308, -95.721342"
550,48201454600,29.780163,-95.736165,"29.780163, -95.736165"
551,48201454700,29.76629,-95.725735,"29.76629, -95.725735"
552,48201454800,29.76650699,-95.74983994,"29.7665069876814, -95.7498399368605"
553,48201454900,29.74952438,-95.73433378,"29.7495243800906, -95.734333781357"
554,48201455000,29.754079,-95.757891,"29.754079, -95.757891"
555,48201455101,29.76414526,-95.76076257,"29.7641452560462, -95.760762567856"
556,48201455102,29.766698,-95.77043,"29.766698, -95.77043"
557,48201455200,29.779247,-95.763688,"29.779247, -95.763688"
558,48201455300,29.773991,-95.787975,"29.773991, -95.787975"
559,48201510100,29.770916,-95.372646,"29.770916, -95.372646"
560,48201510200,29.76735403,-95.38225987,"29.767354027361, -95.3822598673966"
561,48201510300,29.78666479,-95.37195608,"29.7866647947917, -95.3719560811426"
562,48201510400,29.783875,-95.392594,"29.783875, -95.392594"
563,48201510500,29.784961,-95.402602,"29.784961, -95.402602"
564,48201510600,29.77115567,-95.41186817,"29.7711556728752, -95.4118681688597"
565,48201510700,29.76549184,-95.40410725,"29.7654918371228, -95.4041072501181"
566,48201510800,29.79949082,-95.42275468,"29.7994908180872, -95.422754679654"
567,48201510900,29.78738472,-95.42721326,"29.7873847228475, -95.42721326447"
568,48201511001,29.801782,-95.441718,"29.801782, -95.441718"
569,48201511002,29.79411057,-95.4284041,"29.7941105670308, -95.4284040964956"
570,48201511100,29.808411,-95.426252,"29.808411, -95.426252"
571,48201511200,29.79945358,-95.42275468,"29.7994535773017, -95.4227546804938"
572,48201511301,29.797221,-95.404839,"29.797221, -95.404839"
573,48201511302,29.797452,-95.393412,"29.797452, -95.393412"
574,48201511400,29.795962,-95.383125,"29.795962, -95.383125"
575,48201511500,29.80978847,-95.38986414,"29.8097884650381, -95.3898641403685"
576,48201511600,29.801154,-95.376875,"29.801154, -95.376875"
577,48201520100,29.793949,-95.462055,"29.793949, -95.462055"
578,48201520200,29.790941,-95.475649,"29.790941, -95.475649"
579,48201520300,29.8287684,-95.50778434,"29.8287683964434, -95.5077843385363"
580,48201520400,29.808495,-95.48,"29.808495, -95.48"
581,48201520500,29.82178361,-95.47874424,"29.8217836108086, -95.4787442411642"
582,48201520601,29.813369,-95.49357,"29.813369, -95.49357"
583,48201520602,29.80853561,-95.49014358,"29.808535613967, -95.4901435837896"
584,48201520700,29.799421,-95.496747,"29.799421, -95.496747"
585,48201521000,29.79655,-95.516709,"29.79655, -95.516709"
586,48201521100,29.80095,-95.521529,"29.80095, -95.521529"
587,48201521200,29.80535409,-95.51142504,"29.8053540938663, -95.5114250353507"
588,48201521300,29.816415,-95.51372,"29.816415, -95.51372"
589,48201521400,29.82873117,-95.50773069,"29.8287311656971, -95.50773069484"
590,48201521500,29.82444648,-95.51769098,"29.8244464757802, -95.5176909792268"
591,48201521600,29.842275,-95.537772,"29.842275, -95.537772"
592,48201521700,29.82244591,-95.49840398,"29.8224459081321, -95.498403981121"
593,48201521800,29.83874,-95.552021,"29.83874, -95.552021"
594,48201521900,29.82009,-95.553979,"29.82009, -95.553979"
595,48201522000,29.82599905,-95.53470068,"29.8259990486278, -95.5347006798591"
596,48201522100,29.81727205,-95.53173276,"29.8172720457667, -95.5317327646877"
597,48201522201,29.805988,-95.532853,"29.805988, -95.532853"
598,48201522202,29.801484,-95.54014,"29.801484, -95.54014"
599,48201522301,29.791272,-95.525548,"29.791272, -95.525548"
600,48201522302,29.791025,-95.539228,"29.791025, -95.539228"
601,48201522401,29.794962,-95.548856,"29.794962, -95.548856"
602,48201522402,29.804632,-95.556672,"29.804632, -95.556672"
603,48201522500,29.790256,-95.501533,"29.790256, -95.501533"
604,48201530100,29.8073241,-95.44725651,"29.8073240957798, -95.4472565108559"
605,48201530200,29.815857,-95.420394,"29.815857, -95.420394"
606,48201530300,29.817894,-95.389158,"29.817894, -95.389158"
607,48201530400,29.826308,-95.390479,"29.826308, -95.390479"
608,48201530500,29.83515122,-95.39726925,"29.8351512154164, -95.3972692536678"
609,48201530600,29.831763,-95.404965,"29.831763, -95.404965"
610,48201530700,29.85416603,-95.39951345,"29.8541660276897, -95.3995134516105"
611,48201530800,29.853323,-95.420928,"29.853323, -95.420928"
612,48201530900,29.836042,-95.420191,"29.836042, -95.420191"
613,48201531000,29.825214,-95.420227,"29.825214, -95.420227"
614,48201531100,29.824697,-95.437665,"29.824697, -95.437665"
615,48201531200,29.827632,-95.451932,"29.827632, -95.451932"
616,48201531300,29.82252,-95.459618,"29.82252, -95.459618"
617,48201531400,29.830077,-95.470209,"29.830077, -95.470209"
618,48201531500,29.836519,-95.47505,"29.836519, -95.47505"
619,48201531600,29.836949,-95.454571,"29.836949, -95.454571"
620,48201531700,29.83467,-95.435831,"29.83467, -95.435831"
621,48201531800,29.853033,-95.436324,"29.853033, -95.436324"
622,48201531900,29.853298,-95.451731,"29.853298, -95.451731"
623,48201532001,29.85645073,-95.46886121,"29.8564507316783, -95.4688612108511"
624,48201532002,29.84407971,-95.46306254,"29.844079709746, -95.4630625399533"
625,48201532100,29.84405179,-95.46298744,"29.8440517904216, -95.4629874382878"
626,48201532200,29.851538,-95.478945,"29.851538, -95.478945"
627,48201532300,29.85332413,-95.50139035,"29.8533241261676, -95.5013903541492"
628,48201532400,29.870019,-95.499097,"29.870019, -95.499097"
629,48201532501,29.88710306,-95.5205654,"29.8871030617297, -95.5205653979434"
630,48201532502,29.881943,-95.501023,"29.881943, -95.501023"
631,48201532600,29.890361,-95.48479,"29.890361, -95.48479"
632,48201532700,29.877399,-95.481695,"29.877399, -95.481695"
633,48201532800,29.874725,-95.472068,"29.874725, -95.472068"
634,48201532900,29.891145,-95.472633,"29.891145, -95.472633"
635,48201533000,29.888251,-95.46177,"29.888251, -95.46177"
636,48201533100,29.877901,-95.457655,"29.877901, -95.457655"
637,48201533200,29.866391,-95.453286,"29.866391, -95.453286"
638,48201533300,29.87613736,-95.41919683,"29.8761373569635, -95.4191968254437"
639,48201533400,29.88388882,-95.43536222,"29.8838888210704, -95.4353622218357"
640,48201533500,29.893087,-95.419108,"29.893087, -95.419108"
641,48201533600,29.907662,-95.429615,"29.907662, -95.429615"
642,48201533701,29.92843,-95.431198,"29.92843, -95.431198"
643,48201533702,29.918735,-95.438321,"29.918735, -95.438321"
644,48201533801,29.89798788,-95.45566776,"29.8979878792921, -95.455667755092"
645,48201533802,29.927479,-95.463967,"29.927479, -95.463967"
646,48201533901,29.92858994,-95.4822955,"29.9285899354346, -95.4822954993354"
647,48201533902,29.926536,-95.497084,"29.926536, -95.497084"
648,48201534001,29.908985,-95.486999,"29.908985, -95.486999"
649,48201534002,29.91977,-95.505049,"29.91977, -95.505049"
650,48201534003,29.929489,-95.511053,"29.929489, -95.511053"
651,48201534100,29.92615764,-95.53111999,"29.92615763796, -95.5311199858054"
652,48201534201,29.908442,-95.544797,"29.908442, -95.544797"
653,48201534202,29.88682292,-95.54551687,"29.8868229213446, -95.545516865719"
654,48201534203,29.874943,-95.535043,"29.874943, -95.535043"
655,48201540100,29.84800262,-95.58452824,"29.8480026168628, -95.5845282370329"
656,48201540200,29.821264,-95.570799,"29.821264, -95.570799"
657,48201540501,29.85005872,-95.64450915,"29.8500587166551, -95.6445091501054"
658,48201540502,29.847598,-95.635523,"29.847598, -95.635523"
659,48201540601,29.861791,-95.631682,"29.861791, -95.631682"
660,48201540602,29.872263,-95.635711,"29.872263, -95.635711"
661,48201540700,29.860493,-95.61458,"29.860493, -95.61458"
662,48201540800,29.889492,-95.610378,"29.889492, -95.610378"
663,48201540901,29.891456,-95.624558,"29.891456, -95.624558"
664,48201540902,29.89751798,-95.63021797,"29.8975179773114, -95.6302179688349"
665,48201541001,29.91573865,-95.63730151,"29.9157386478645, -95.6373015087443"
666,48201541002,29.93341701,-95.65350584,"29.9334170073406, -95.6535058397375"
667,48201541003,29.94181317,-95.66261494,"29.9418131654898, -95.6626149383943"
668,48201541100,29.901126,-95.651323,"29.901126, -95.651323"
669,48201541201,29.88346571,-95.68216709,"29.8834657099375, -95.6821670940045"
670,48201541202,29.8907449,-95.6605233,"29.8907449009945, -95.6605232958651"
671,48201541203,29.889858,-95.649714,"29.889858, -95.649714"
672,48201541300,29.86812858,-95.66813668,"29.8681285785354, -95.6681366809286"
673,48201541400,29.8591138,-95.65907628,"29.8591137990842, -95.6590762811298"
674,48201541500,29.856647,-95.677128,"29.856647, -95.677128"
675,48201541601,29.83300749,-95.68375236,"29.8330074902883, -95.6837523648943"
676,48201541602,29.84571946,-95.66197869,"29.8457194572415, -95.661978691219"
677,48201541700,29.81618131,-95.66744998,"29.8161813112187, -95.6674499835857"
678,48201541800,29.78903459,-95.70681368,"29.7890345895751, -95.706813683459"
679,48201541900,29.81850271,-95.69773214,"29.8185027078815, -95.6977321413667"
680,48201542000,29.81962428,-95.71097901,"29.8196242809416, -95.7109790106491"
681,48201542101,29.85380041,-95.70801854,"29.8538004074148, -95.7080185368181"
682,48201542102,29.8697917,-95.70449331,"29.8697916998112, -95.7044933083969"
683,48201542200,29.85709375,-95.74238418,"29.8570937548353, -95.7423841809099"
684,48201542301,29.81624811,-95.72264888,"29.8162481098785, -95.7226488813342"
685,48201542302,29.81195,-95.7423,"29.81195, -95.7423"
686,48201542400,29.79130461,-95.73418358,"29.7913046127672, -95.7341835757991"
687,48201542500,29.796632,-95.763143,"29.796632, -95.763143"
688,48201542600,29.796362,-95.790912,"29.796362, -95.790912"
689,48201542700,29.795137,-95.814761,"29.795137, -95.814761"
690,48201542800,29.813009,-95.820795,"29.813009, -95.820795"
691,48201542900,29.8489599,-95.80698621,"29.8489598986554, -95.8069862110539"
692,48201543001,29.57461533,-95.68180657,"29.5746153307316, -95.6818065706772"
693,48201543002,29.90155688,-95.72185122,"29.9015568810612, -95.7218512241425"
694,48201543003,29.88188413,-95.70502254,"29.8818841276545, -95.7050225397453"
695,48201543100,29.994884,-95.848122,"29.994884, -95.848122"
696,48201543200,29.82403794,-95.61947975,"29.8240379382011, -95.6194797536719"
697,48201550100,29.94869587,-95.42361802,"29.9486958672418, -95.4236180239309"
698,48201550200,29.95467825,-95.43291682,"29.9546782526963, -95.4329168239306"
699,48201550301,29.9787554,-95.43122523,"29.9787553964764, -95.4312252285056"
700,48201550302,30.00276465,-95.44559277,"30.0027646466382, -95.4455927661719"
701,48201550401,29.97432756,-95.46484887,"29.9743275594788, -95.4648488679981"
702,48201550402,29.96547673,-95.45031882,"29.9654767317012, -95.4503188241351"
703,48201550500,29.950433,-95.44526,"29.950433, -95.44526"
704,48201550601,29.9575,-95.458571,"29.9575, -95.458571"
705,48201550602,29.944832,-95.459358,"29.944832, -95.459358"
706,48201550603,29.960419,-95.471487,"29.960419, -95.471487"
707,48201550700,29.941707,-95.48863,"29.941707, -95.48863"
708,48201550800,29.948166,-95.475143,"29.948166, -95.475143"
709,48201550900,29.95977846,-95.4925038,"29.9597784590707, -95.4925037958563"
710,48201551000,29.969412,-95.491565,"29.969412, -95.491565"
711,48201551100,29.98280229,-95.48134226,"29.9828022929477, -95.4813422553116"
712,48201551200,29.96747842,-95.49953822,"29.9674784211396, -95.4995382204251"
713,48201551300,29.952088,-95.507254,"29.952088, -95.507254"
714,48201551400,29.967016,-95.517141,"29.967016, -95.517141"
715,48201551500,29.94353751,-95.55460681,"29.94353750683, -95.5546068079492"
716,48201551600,29.93346482,-95.56619867,"29.9334648153112, -95.5661986671686"
717,48201551701,29.91189766,-95.57882744,"29.9118976565717, -95.578827438932"
718,48201551702,29.901787,-95.561767,"29.901787, -95.561767"
719,48201551703,29.916395,-95.562999,"29.916395, -95.562999"
720,48201551800,29.888295,-95.563259,"29.888295, -95.563259"
721,48201551900,29.89849709,-95.59440101,"29.8984970918659, -95.5944010127333"
722,48201552001,29.91558575,-95.58556479,"29.9155857450824, -95.585564792281"
723,48201552002,29.914213,-95.607964,"29.914213, -95.607964"
724,48201552101,29.924212,-95.616474,"29.924212, -95.616474"
725,48201552102,29.936653,-95.613649,"29.936653, -95.613649"
726,48201552103,29.937763,-95.624678,"29.937763, -95.624678"
727,48201552200,29.944509,-95.645131,"29.944509, -95.645131"
728,48201552301,29.954879,-95.622741,"29.954879, -95.622741"
729,48201552302,29.96366007,-95.59220926,"29.9636600732956, -95.5922092614132"
730,48201552400,29.9330285,-95.59803631,"29.933028503362, -95.5980363059945"
731,48201552500,29.95409406,-95.5654948,"29.9540940635576, -95.5654947977297"
732,48201552601,29.96119924,-95.56829513,"29.9611992380234, -95.5682951262275"
733,48201552602,29.974456,-95.575157,"29.974456, -95.575157"
734,48201552700,29.97614116,-95.55569456,"29.9761411613323, -95.5556945624961"
735,48201552800,29.96973283,-95.53946263,"29.9697328286062, -95.5394626266242"
736,48201552900,29.99216516,-95.51152945,"29.9921651604371, -95.5115294505104"
737,48201553001,30.001675,-95.49302,"30.001675, -95.49302"
738,48201553002,30.009742,-95.478849,"30.009742, -95.478849"
739,48201553100,30.01156929,-95.45665821,"30.0115692902453, -95.4566582099998"
740,48201553200,30.02723372,-95.44305826,"30.0272337200388, -95.4430582554912"
741,48201553300,30.028498,-95.436313,"30.028498, -95.436313"
742,48201553401,30.041183,-95.445152,"30.041183, -95.445152"
743,48201553402,30.04513166,-95.45180545,"30.0451316568383, -95.4518054509256"
744,48201553403,30.056437,-95.469429,"30.056437, -95.469429"
745,48201553500,30.038142,-95.476139,"30.038142, -95.476139"
746,48201553600,30.02607395,-95.4873188,"30.0260739456042, -95.4873187985271"
747,48201553700,30.017609,-95.511855,"30.017609, -95.511855"
748,48201553801,30.0411,-95.507672,"30.0411, -95.507672"
749,48201553802,30.02896375,-95.51138499,"30.0289637480149, -95.5113849922615"
750,48201553900,30.03256104,-95.53459914,"30.0325610359895, -95.5345991403539"
751,48201554001,30.010398,-95.52723,"30.010398, -95.52723"
752,48201554002,30.002441,-95.543909,"30.002441, -95.543909"
753,48201554101,30.01980174,-95.5492935,"30.0198017434634, -95.5492934963119"
754,48201554102,30.01390307,-95.55966627,"30.0139030670362, -95.5596662673708"
755,48201554200,29.99749685,-95.57323394,"29.9974968479808, -95.5732339372138"
756,48201554301,29.988152,-95.599626,"29.988152, -95.599626"
757,48201554302,29.976799,-95.605431,"29.976799, -95.605431"
758,48201554401,29.96188826,-95.65182211,"29.961888264087, -95.6518221095844"
759,48201554402,29.98491576,-95.67564992,"29.9849157553686, -95.6756499186008"
760,48201554403,29.99355846,-95.72225705,"29.9935584649417, -95.722257050724"
761,48201554501,30.010628,-95.656391,"30.010628, -95.656391"
762,48201554502,29.993211,-95.63355,"29.993211, -95.63355"
763,48201554600,30.003768,-95.617853,"30.003768, -95.617853"
764,48201554700,30.00144785,-95.59984545,"30.0014478476934, -95.59984545303"
765,48201554801,30.02993776,-95.58717688,"30.0299377603018, -95.5871768833575"
766,48201554802,30.07273999,-95.57585878,"30.0727399876518, -95.5758587783313"
767,48201554901,30.0862865,-95.53408558,"30.0862864975114, -95.5340855802439"
768,48201554902,30.096557,-95.516997,"30.096557, -95.516997"
769,48201554903,30.0522628,-95.53362778,"30.0522627956262, -95.5336277827421"
770,48201555000,30.04532487,-95.47068725,"30.0453248684337, -95.4706872517795"
771,48201555100,30.07697262,-95.47622364,"30.0769726171, -95.4762236380458"
772,48201555200,30.093306,-95.481107,"30.093306, -95.481107"
773,48201555301,30.119757,-95.518351,"30.119757, -95.518351"
774,48201555302,30.11644508,-95.51728795,"30.1164450767322, -95.5172879507054"
775,48201555303,30.133564,-95.5615,"30.133564, -95.5615"
776,48201555401,30.111925,-95.610671,"30.111925, -95.610671"
777,48201555402,30.09743097,-95.61450124,"30.0974309690339, -95.6145012367797"
778,48201555501,30.084196,-95.65944,"30.084196, -95.65944"
779,48201555502,30.02441992,-95.62898501,"30.0244199225762, -95.6289850110462"
780,48201555600,30.064034,-95.732233,"30.064034, -95.732233"
781,48201555701,30.001023,-95.732692,"30.001023, -95.732692"
782,48201555702,30.00107271,-95.7550321,"30.0010727064485, -95.7550320965184"
783,48201556000,30.049755,-95.820244,"30.049755, -95.820244"
784,48201980000,29.648753,-95.28563,"29.648753, -95.28563"
785,48201980100,29.984398,-95.302767,"29.984398, -95.302767"
